G,Q,L,A,P
476.3733,38.451176,92.87653,8.739039,46.484756
478.70074,38.6517,92.1364,8.726846,46.115734
480.9627,38.828323,91.30904,8.716364,45.711887
483.18152,38.999165,90.45779,8.705264,45.297295
485.36166,39.16685,89.593155,8.693313,44.87644
487.50504,39.331837,88.71835,8.680563,44.450787
489.613,39.494274,87.83547,8.667103,44.02131
491.68674,39.654243,86.9462,8.653013,43.588837
493.7757,39.816505,86.05004,8.63807,43.153385
496.05475,39.997562,85.13502,8.621482,42.709724
498.5005,40.19268,84.17867,8.604381,42.245403
501.12042,40.401608,83.17332,8.586798,41.757156
503.92453,40.62503,82.1141,8.568652,41.242626
506.92358,40.8638,80.9963,8.549843,40.69956
510.29587,41.135284,79.82034,8.526703,40.121307
514.0209,41.437313,78.5415,8.500522,39.490562
518.1184,41.770023,77.13742,8.4716015,38.79786
522.6251,42.136013,75.59387,8.439752,38.03635
527.58295,42.538567,73.89671,8.404698,37.19911
533.0371,42.981377,72.03059,8.366126,36.27854
539.0378,43.46853,69.97861,8.3236885,35.266304
545.5621,43.995255,67.76449,8.281255,34.173325
552.4161,44.536785,65.53667,8.252085,33.070908
559.724,45.107254,63.348553,8.231275,31.98856
567.55304,45.658943,61.260296,8.215206,30.999538
574.70654,46.11032,59.357452,8.194955,30.182215
580.803,46.497307,57.70576,8.175454,29.472208
585.9911,46.827168,56.26379,8.156953,28.850965
590.3981,47.107555,55.000797,8.139331,28.30581
594.1326,47.345306,53.891518,8.122461,27.82603
597.28845,47.54632,52.914387,8.106226,27.402443
599.94586,47.715706,52.050835,8.090531,27.027166
602.1739,47.85784,51.28497,8.075292,26.69341
604.0321,47.976513,50.603058,8.060439,26.395374
605.57196,48.07496,49.993347,8.04591,26.128021
606.83734,48.156006,49.445698,8.0316515,25.887045
607.8664,48.222027,48.95135,8.01762,25.668737
608.6918,48.27513,48.50288,8.003779,25.469893
609.34155,48.317078,48.09375,7.990098,25.287796
609.8366,48.349724,47.718052,7.9762664,25.119589
610.19495,48.374123,47.369015,7.962168,24.962336
610.4363,48.39087,47.04145,7.9479976,24.814114
610.57715,48.400986,46.73281,7.9338193,24.673983
610.632,48.405388,46.44119,7.9196777,24.541134
610.6132,48.404896,46.16488,7.905606,24.414873
610.53143,48.400253,45.902378,7.891637,24.294563
610.3962,48.392075,45.652336,7.877787,24.179636
610.2154,48.38091,45.41348,7.864077,24.069561
609.9962,48.367207,45.184715,7.85052,23.963875
609.7448,48.351383,44.965088,7.837123,23.86216
609.46625,48.333805,44.753685,7.823896,23.764055
609.16547,48.31476,44.549747,7.810837,23.669197
608.846,48.294514,44.35248,7.797951,23.577293
608.5115,48.27328,44.161297,7.7852373,23.48807
608.1646,48.251263,43.9756,7.772694,23.401258
607.80725,48.228672,43.794773,7.7602625,23.316547
607.4384,48.205853,43.617634,7.7477,23.233194
607.05927,48.182476,43.442123,7.735087,23.150423
606.67145,48.15855,43.2677,7.722436,23.068083
606.276,48.134132,43.094177,7.709753,22.986107
605.8739,48.109272,42.921413,7.6970344,22.904448
605.46564,48.084026,42.74928,7.684286,22.82302
605.05225,48.058414,42.57764,7.671505,22.74181
604.634,48.0325,42.406464,7.6586986,22.660767
604.21173,48.00632,42.235645,7.6458683,22.57986
603.78577,47.979904,42.065144,7.6330113,22.499071
603.35645,47.95327,41.894867,7.620136,22.418375
602.92413,47.926437,41.724792,7.6072354,22.33776
602.4893,47.89942,41.55486,7.5943146,22.257189
602.0522,47.87227,41.38508,7.581381,22.176664
601.6129,47.844975,41.215405,7.5684295,22.09618
601.17175,47.817543,41.045807,7.55546,22.01573
600.7289,47.79001,40.87628,7.5424757,21.935297
600.28455,47.762367,40.70678,7.5294795,21.854866
599.8387,47.73464,40.53731,7.5164685,21.774448
599.3918,47.706825,40.367874,7.503446,21.694035
598.9436,47.678936,40.198463,7.490413,21.613634
598.49457,47.65098,40.029068,7.4773707,21.533218
598.0445,47.62297,39.85967,7.464318,21.452803
597.5936,47.594913,39.690254,7.4512553,21.372381
597.1422,47.566788,39.520824,7.438186,21.291946
596.69,47.538624,39.351406,7.425107,21.21151
596.23706,47.510414,39.18196,7.4120226,21.13106
595.7835,47.482178,39.012497,7.3989315,21.050604
595.3297,47.4539,38.84302,7.385834,20.970133
594.8753,47.425583,38.673523,7.3727303,20.889664
594.4205,47.397243,38.504032,7.359621,20.809177
593.96533,47.36888,38.334503,7.346506,20.728682
593.5097,47.3405,38.164974,7.33339,20.648176
593.0539,47.31209,37.995426,7.3202686,20.567667
592.6074,47.283596,37.833996,7.3078055,20.48859
592.18634,47.255444,37.694645,7.297057,20.415533
591.78656,47.22882,37.573452,7.2875285,20.351528
591.4084,47.204018,37.468315,7.2790284,20.295124
591.0521,47.181004,37.376446,7.271421,20.245037
590.7177,47.159737,37.2955,7.2645845,20.200193
590.40454,47.140118,37.22356,7.2584133,20.15965
590.112,47.122078,37.158943,7.252822,20.122677
589.839,47.10551,37.10034,7.247731,20.088617
589.5847,47.090324,37.046604,7.2430763,20.056967
589.34784,47.07641,36.996834,7.2388005,20.027296
589.12726,47.063698,36.9503,7.234852,19.999228
588.9219,47.05208,36.906307,7.2311907,19.972477
588.7304,47.04146,36.864407,7.227775,19.946787
588.5519,47.031773,36.824123,7.2245736,19.921963
588.38544,47.02292,36.78515,7.221564,19.897825
588.2298,47.014843,36.74723,7.2187166,19.87425
588.08405,47.007454,36.710068,7.216011,19.851135
587.9474,47.00071,36.67354,7.2134304,19.828363
587.8191,46.994522,36.63745,7.210958,19.805878
587.6981,46.988857,36.601738,7.20858,19.78359
587.58386,46.983673,36.56627,7.206283,19.761501
587.47577,46.978897,36.53097,7.204058,19.739536
587.37335,46.974503,36.495773,7.201896,19.717653
587.2757,46.97046,36.46065,7.19979,19.695843
587.1825,46.966717,36.42555,7.197731,19.674078
587.09326,46.963726,36.396873,7.1957917,19.653538
587.00574,46.96297,36.39662,7.194316,19.638939
586.91895,46.96269,36.407135,7.193412,19.629787
586.83594,46.96278,36.425594,7.1929846,19.624676
586.7577,46.963276,36.45008,7.192952,19.622673
586.6851,46.964195,36.47919,7.193242,19.623089
586.6185,46.965565,36.511803,7.1937904,19.625374
586.558,46.967358,36.54703,7.194552,19.629068
586.50323,46.969566,36.584225,7.195495,19.633833
586.45435,46.97218,36.62284,7.1965837,19.6394
586.4109,46.97517,36.662464,7.197788,19.645576
586.37256,46.97851,36.702816,7.199091,19.65219
586.339,46.98218,36.743637,7.2004747,19.659113
586.3099,46.986137,36.784737,7.2019267,19.66625
586.2849,46.990376,36.826023,7.2034326,19.67353
586.2635,46.994858,36.867355,7.2049856,19.680906
586.2546,47.00101,36.909195,7.2069983,19.69251
586.27527,47.010124,36.954437,7.2098484,19.71035
586.33124,47.0216,37.004692,7.21334,19.730745
586.41833,47.035072,37.057785,7.217311,19.752619
586.5322,47.050266,37.1123,7.221639,19.775267
586.6692,47.06693,37.16722,7.2262297,19.7982
586.8256,47.084843,37.221897,7.231015,19.821095
586.99927,47.103817,37.275936,7.235941,19.84376
587.1868,47.123714,37.32906,7.24097,19.866035
587.38684,47.144375,37.381153,7.2460737,19.88787
587.59735,47.1657,37.432194,7.2512264,19.909227
587.81647,47.187576,37.48215,7.2564163,19.930138
588.04315,47.209927,37.531124,7.2616334,19.950596
588.2761,47.232674,37.579174,7.2668657,19.97064
588.51447,47.255764,37.62635,7.272108,19.990286
588.7574,47.27913,37.672745,7.277356,20.009584
589.0041,47.30274,37.71845,7.28261,20.028582
589.254,47.326553,37.76357,7.2878637,20.047285
589.50665,47.35053,37.808125,7.2931156,20.065744
589.76154,47.37465,37.8522,7.2983675,20.084002
590.0183,47.398888,37.89588,7.303614,20.102062
590.2768,47.423233,37.939205,7.3088627,20.119955
590.5366,47.44766,37.98223,7.314109,20.13772
590.7974,47.472164,38.025,7.319353,20.155363
591.05945,47.49672,38.067543,7.324594,20.172894
591.3221,47.52133,38.109882,7.329835,20.19035
591.5854,47.545982,38.152046,7.335071,20.20772
591.8494,47.570667,38.194096,7.3403063,20.225029
592.1138,47.595383,38.236004,7.34554,20.242281
592.3786,47.62013,38.277813,7.3507752,20.259485
592.6436,47.64489,38.31954,7.356006,20.27665
592.90906,47.66968,38.361187,7.361239,20.29378
593.1748,47.69447,38.402775,7.3664703,20.31088
593.4406,47.719276,38.44432,7.3716993,20.327969
593.70667,47.7441,38.485832,7.3769283,20.345026
593.9728,47.76892,38.52728,7.3821573,20.362068
594.239,47.793747,38.568703,7.3873854,20.379097
594.5054,47.81859,38.61012,7.3926115,20.396114
594.7718,47.843437,38.651497,7.397841,20.413118
595.0384,47.86828,38.69284,7.403067,20.430109
595.305,47.89313,38.734196,7.4082932,20.447104
595.57153,47.917988,38.77552,7.4135194,20.46408
595.8381,47.94285,38.816822,7.418745,20.481064
596.1048,47.967697,38.858116,7.423972,20.498037
596.37146,47.992554,38.899452,7.4291973,20.515005
596.63824,48.01741,38.940758,7.434424,20.531977
596.90497,48.04228,38.982056,7.439651,20.54895
597.171,48.067196,39.0233,7.44487,20.565794
597.4321,48.09265,39.063858,7.4500356,20.58142
597.69354,48.118122,39.10284,7.4551206,20.596264
597.9548,48.143578,39.140602,7.4601393,20.610535
598.21606,48.16903,39.177467,7.465108,20.624372
598.4773,48.194454,39.21364,7.4700413,20.637884
598.73846,48.219883,39.249302,7.4749455,20.651163
598.9993,48.245304,39.28459,7.4798274,20.66426
599.2602,48.270706,39.3196,7.4846935,20.67722
599.5208,48.2961,39.354385,7.489547,20.690075
599.78125,48.321476,39.389027,7.494388,20.702871
600.0416,48.346848,39.423565,7.499224,20.715612
600.3047,48.37233,39.457436,7.504026,20.727911
600.5698,48.397934,39.49051,7.508799,20.739803
600.8365,48.423645,39.522842,7.5135517,20.751356
601.10455,48.449444,39.5546,7.518285,20.762619
601.3741,48.47532,39.585804,7.523002,20.773638
601.64465,48.50126,39.61657,7.5277066,20.784433
601.9161,48.527264,39.646954,7.5323997,20.795055
602.1884,48.55331,39.67702,7.537085,20.805529
602.4614,48.579403,39.706818,7.5417614,20.815876
602.735,48.60554,39.736378,7.546433,20.826103
56.628757,6.055901,3.1826315,0.510375,4.099953
58.39906,7.7626853,9.252976,0.42343062,4.8067427
65.46774,8.706961,10.209968,0.39615846,5.4836645
73.95474,9.48029,10.78776,0.42224059,5.84749
82.85443,10.238109,11.435156,0.47635219,6.2863336
91.91934,10.994505,12.386817,0.5554863,6.9127116
100.97936,11.748147,13.785845,0.6598317,7.801929
109.65058,12.494369,15.693101,0.7639141,8.952881
116.20059,13.135783,17.72989,0.8842277,10.145231
121.61663,13.623147,20.066685,1.0240331,11.470261
125.78129,13.994924,22.86103,1.1852658,13.0245075
128.86963,14.249842,26.339556,1.379069,14.906583
131.06956,14.376969,30.846436,1.6240764,17.252317
133.00728,14.433948,36.251987,1.9224033,19.870354
135.27443,14.426252,43.127853,2.315229,23.112734
137.52316,14.323521,52.21455,2.846924,27.349865
140.10107,14.180791,63.70039,3.5469801,32.73497
148.67885,14.279429,76.08119,4.3038726,38.39731
161.7168,14.557308,87.68929,4.97354,43.85017
175.20198,15.147756,97.58325,5.5803957,48.90443
187.63783,15.905452,105.851036,6.114138,53.381813
199.00063,16.792168,112.51742,6.559252,56.9514
212.76382,17.81451,117.97511,6.9392905,59.84289
225.85127,18.830276,120.97107,7.162268,61.410892
236.63997,19.709887,122.114494,7.2692056,62.029556
244.82622,20.399801,122.23685,7.310482,62.129925
251.0296,20.9369,121.88848,7.313153,61.98629
255.80313,21.363173,121.38549,7.2983966,61.759583
259.7015,21.717316,120.89464,7.2804585,61.521606
263.29782,22.037542,120.46265,7.2683234,61.2634
266.73007,22.337461,120.09514,7.261176,61.04365
270.09097,22.628216,119.812195,7.2591314,60.869926
273.44702,22.916363,119.60638,7.2618613,60.736595
276.8399,23.205656,119.46118,7.2686315,60.634018
280.23828,23.491539,119.35651,7.279937,60.550724
283.7584,23.773878,119.23746,7.2902026,60.47555
287.31058,24.059032,119.11715,7.300302,60.399868
290.88165,24.3458,118.99054,7.3101063,60.32062
294.46185,24.633358,118.85645,7.3195395,60.23736
298.01855,24.920326,118.71006,7.329453,60.150322
301.5338,25.204746,118.55585,7.340738,60.06225
305.03403,25.486547,118.410126,7.3531103,59.978058
308.5289,25.767063,118.27675,7.36648,59.900017
312.0889,26.053123,118.15975,7.379721,59.830406
315.69785,26.343822,118.040794,7.3925695,59.759483
319.33606,26.637192,117.91073,7.404837,59.68249
322.9883,26.931946,117.76769,7.41644,59.598663
326.64474,27.22731,117.61297,7.4273663,59.508842
330.28278,27.523256,117.44521,7.4368215,59.414555
333.8529,27.820318,117.25573,7.442554,59.31603
337.3805,28.115726,117.05128,7.4473615,59.20751
340.8835,28.409246,116.83905,7.451652,59.095043
344.3705,28.701515,116.62516,7.455752,58.981762
347.84827,28.993013,116.41248,7.4598513,58.869133
351.32117,29.284094,116.20198,7.464029,58.757694
354.79184,29.574976,115.99374,7.468311,58.647434
358.2621,29.86578,115.787415,7.47269,58.538177
361.73236,30.156576,115.58252,7.4771447,58.429672
365.20325,30.44739,115.37862,7.4816628,58.32169
368.70862,30.7389,115.18404,7.4858584,58.211594
372.23892,31.031996,114.989075,7.489612,58.09875
375.77948,31.326265,114.78722,7.492935,57.98241
379.32434,31.621058,114.57826,7.495865,57.86239
382.86917,31.916016,114.36334,7.4984746,57.73935
386.41238,32.210926,114.144066,7.500844,57.614075
389.95325,32.50572,113.92189,7.503052,57.487347
393.4919,32.800365,113.69797,7.505153,57.359756
397.0288,33.0949,113.473145,7.507197,57.231712
400.499,33.385483,113.24207,7.5079784,57.10907
403.9079,33.67202,113.01666,7.508057,56.993217
407.29135,33.956608,112.80422,7.5083714,56.883724
410.66693,34.24046,112.60339,7.5091696,56.780006
414.0435,34.524197,112.4117,7.5104284,56.68074
417.42422,34.80814,112.22631,7.51205,56.584553
420.80978,35.092373,112.04485,7.5139084,56.490227
424.19968,35.376873,111.86547,7.5159073,56.3969
427.59262,35.661594,111.68696,7.5179763,56.303963
430.98312,35.94685,111.50811,7.5197153,56.21051
434.3661,36.232952,111.32639,7.5206428,56.114986
437.74695,36.519325,111.139534,7.5210886,56.01681
441.12515,36.805695,110.94814,7.521196,55.916363
444.5001,37.091957,110.753456,7.5210724,55.814312
447.87213,37.378063,110.55667,7.5208015,55.71123
451.24185,37.66403,110.35869,7.5204425,55.60758
454.60965,37.949883,110.160126,7.5200377,55.503666
457.97644,38.23565,109.9614,7.5196157,55.399673
461.34232,38.52137,109.762726,7.51919,55.295715
464.7081,38.80705,109.56418,7.5187693,55.191822
468.0738,39.092716,109.365776,7.518358,55.088017
471.43942,39.378376,109.16751,7.517957,54.984276
474.80496,39.664043,108.969376,7.517559,54.880585
478.1707,39.949703,108.771286,7.5171695,54.776928
481.5365,40.235367,108.57327,7.516782,54.673317
484.4894,40.485012,108.340546,7.518776,54.55752
487.01727,40.694736,108.15559,7.5261555,54.471764
489.4329,40.889996,108.1031,7.5405645,54.454155
491.84512,41.08065,108.17102,7.562102,54.496826
494.28192,41.26965,108.329994,7.589661,54.58476
496.74417,41.457787,108.55479,7.621886,54.70545
499.1112,41.6335,108.8395,7.660168,54.85685
501.44962,41.803036,109.199326,7.7036853,55.0466
503.8013,41.970917,109.62454,7.751451,55.269093
506.17395,42.13848,110.09752,7.802485,55.515335
508.56436,42.305992,110.60381,7.8559175,55.77806
510.96713,42.47345,111.13311,7.911058,56.05224
513.3789,42.64084,111.6785,7.967409,56.334408
515.7879,42.80893,112.234184,8.023913,56.621037
518.1824,42.978985,112.7921,8.079107,56.907227
520.57947,43.150066,113.34444,8.133543,57.190342
522.977,43.32154,113.889885,8.187466,57.469925
525.3728,43.493103,114.42963,8.241021,57.74672
527.76715,43.66466,114.96543,8.294315,58.021553
530.1343,43.837055,115.46951,8.344488,58.279984
532.4765,44.010384,115.93245,8.39103,58.51756
534.8076,44.1841,116.36606,8.435401,58.740566
537.13074,44.35785,116.78004,8.478438,58.953915
539.4482,44.531532,117.18156,8.5206585,59.161175
541.7617,44.705124,117.57547,8.562373,59.36469
544.0729,44.878677,117.9648,8.603782,59.565964
546.3823,45.052185,118.35133,8.645003,59.765892
548.6909,45.225666,118.73623,8.686113,59.965008
550.999,45.399147,119.12015,8.727156,60.16364
553.3068,45.57261,119.50346,8.768155,60.361977
555.6143,45.746086,119.88638,8.809129,60.56014
557.9218,45.91954,120.26909,8.850089,60.758194
560.22906,46.093,120.65168,8.891038,60.956184
562.53656,46.266464,121.0342,8.931984,61.15413
564.84375,46.439926,121.416595,8.972924,61.352047
567.15094,46.61338,121.79901,9.0138645,61.549953
569.45825,46.786835,122.18143,9.054802,61.747845
571.7653,46.96029,122.563805,9.09574,61.94574
574.0681,47.133465,122.94457,9.136583,62.14279
576.09436,47.288803,123.22402,9.171601,62.28689
577.92285,47.43127,123.43974,9.201436,62.39969
579.61646,47.565636,123.613716,9.227257,62.491623
581.2217,47.69502,123.75822,9.250125,62.56874
582.7689,47.821266,123.88097,9.270864,62.634895
584.27716,47.94549,123.987434,9.290075,62.69283
585.7588,48.0683,124.08158,9.308186,62.744602
587.22107,48.1901,124.166565,9.3255,62.79178
588.6696,48.31118,124.24472,9.342232,62.83554
590.1079,48.43172,124.317795,9.358536,62.876743
591.53864,48.551853,124.387115,9.374529,62.916077
592.9639,48.67169,124.453674,9.390289,62.95403
594.3851,48.791313,124.51821,9.405878,62.990993
595.8031,48.91077,124.58125,9.421346,63.02719
597.21906,49.03011,124.6432,9.43672,63.06283
598.63324,49.149364,124.70434,9.452026,63.0981
600.04626,49.268547,124.76489,9.467284,63.13305
601.45844,49.387688,124.82502,9.482505,63.167793
602.86993,49.50679,124.8848,9.4977,63.202366
604.281,49.625874,124.94434,9.5128765,63.236813
605.6915,49.744923,125.00371,9.528038,63.2712
607.1019,49.863968,125.06298,9.543185,63.30549
608.5121,49.982998,125.12213,9.558324,63.33977
609.922,50.102024,125.18123,9.573457,63.37398
611.3319,50.22104,125.240265,9.588587,63.40818
612.74176,50.340054,125.29926,9.603715,63.442364
614.1517,50.45908,125.35822,9.618838,63.47654
615.56146,50.57809,125.41718,9.633962,63.51068
616.9711,50.697094,125.47611,9.649085,63.544834
618.381,50.81611,125.53505,9.664207,63.57899
619.7907,50.93511,125.59396,9.679328,63.613125
621.2004,51.054123,125.65286,9.694448,63.647263
622.61,51.173126,125.711784,9.709567,63.68139
624.0341,51.292027,125.78298,9.725691,63.7177
625.4735,51.411034,125.86824,9.743025,63.7591
626.90173,51.526905,125.963905,9.760184,63.805504
628.2753,51.634926,126.06866,9.775409,63.855465
629.60266,51.74005,126.17764,9.789392,63.907375
630.9056,51.843773,126.28776,9.802542,63.95949
632.1957,51.946785,126.39723,9.815134,64.01109
633.478,52.049377,126.50533,9.827364,64.06185
634.7553,52.151684,126.61201,9.839349,64.111824
636.0293,52.2538,126.71745,9.851163,64.1611
637.31995,52.35769,126.82252,9.862433,64.209335
638.6782,52.468155,126.92621,9.872253,64.25433
640.08185,52.582653,127.02003,9.881456,64.29374
641.51166,52.699318,127.10408,9.89036,64.32783
642.9544,52.817005,127.18043,9.899064,64.35793
644.4022,52.9351,127.25137,9.907615,64.385185
645.85095,53.053272,127.3186,9.916032,64.41054
647.29877,53.17139,127.38345,9.92433,64.43465
648.7451,53.289417,127.44669,9.93253,64.45791
650.18994,53.407345,127.50887,9.940654,64.48062
651.6334,53.525192,127.57032,9.948714,64.50294
653.07587,53.642963,127.63126,9.956724,64.52501
654.4849,53.76144,127.68482,9.963027,64.547356
655.85046,53.88075,127.72505,9.966395,64.56663
657.1923,54.00022,127.750854,9.967317,64.57876
658.5131,54.119648,127.76124,9.96619,64.58337
659.81433,54.238804,127.75714,9.963321,64.580826
661.0966,54.357548,127.74011,9.95895,64.5719
662.3613,54.475815,127.711815,9.953272,64.557434
663.6098,54.593597,127.67373,9.946452,64.538155
664.8436,54.710953,127.62719,9.938629,64.51475
666.06433,54.82789,127.57334,9.929928,64.48773
667.27356,54.94445,127.5131,9.920455,64.45761
668.4601,55.0599,127.45762,9.910911,64.43218
669.6348,55.17464,127.40856,9.901402,64.41045
670.8058,55.28919,127.36352,9.891911,64.390755
672.12177,55.41132,127.297516,9.88104,64.353195
673.53906,55.540565,127.2016,9.869221,64.298645
674.9836,55.671097,127.08015,9.857362,64.23095
676.01733,55.757168,126.91769,9.853104,64.14525
676.80585,55.820473,126.78685,9.851223,64.076096
677.4473,55.871983,126.69318,9.849988,64.0266
678.0026,55.91726,126.627625,9.84885,63.99201
678.50867,55.959167,126.58052,9.847657,63.96712
678.9862,55.999245,126.54463,9.846395,63.948227
679.44745,56.038303,126.51543,9.845064,63.93282
679.8996,56.07681,126.48995,9.843686,63.9194
680.3464,56.11498,126.46659,9.842277,63.90709
680.79016,56.152973,126.444374,9.840842,63.89538
681.23206,56.190865,126.42272,9.839388,63.883987
681.673,56.22868,126.40141,9.837917,63.872753
682.113,56.266464,126.380196,9.836437,63.861584
682.54266,56.303673,126.35943,9.8347025,63.849857
682.9389,56.339016,126.338684,9.832109,63.836143
683.30994,56.37285,126.31387,9.828717,63.820415
683.6616,56.405518,126.28426,9.824614,63.80223
683.99774,56.43724,126.24967,9.819879,63.781467
684.3209,56.4682,126.21011,9.814585,63.758205
684.6332,56.498505,126.165955,9.808796,63.732563
684.9363,56.528248,126.1175,9.802569,63.704754
685.2314,56.55753,126.065186,9.795959,63.674946
685.5196,56.586372,126.0094,9.789013,63.64337
685.8017,56.61488,125.95052,9.781768,63.610226
686.0786,56.643044,125.88889,9.774258,63.575645
686.35095,56.67094,125.82483,9.766519,63.539856
686.61926,56.6986,125.75863,9.758571,63.502964
686.88403,56.726044,125.69054,9.750449,63.465088
687.1456,56.753307,125.62072,9.7421665,63.42638
687.4044,56.780388,125.549484,9.733745,63.38687
687.66077,56.807343,125.47692,9.725197,63.346733
687.9152,56.83415,125.40319,9.716542,63.305996
688.1675,56.86085,125.328445,9.707793,63.26474
688.4182,56.887463,125.25283,9.69896,63.22303
688.66754,56.913967,125.176414,9.690056,63.1809
688.91547,56.940403,125.099335,9.681083,63.13844
689.16235,56.966766,125.02162,9.672054,63.095673
689.4082,56.993084,124.94339,9.662973,63.052628
689.6532,57.01933,124.86466,9.653851,63.009335
689.8974,57.045547,124.78555,9.644688,62.965836
690.1411,57.071716,124.70607,9.635492,62.92215
690.3841,57.09786,124.62627,9.626265,62.8783
690.62646,57.123962,124.54614,9.61701,62.834312
690.86847,57.15004,124.4658,9.607734,62.79018
691.11,57.176083,124.385216,9.598434,62.74595
691.35114,57.20211,124.30446,9.589116,62.701603
691.5919,57.228107,124.223526,9.579783,62.657177
691.8326,57.254097,124.14245,9.570435,62.61268
692.0729,57.280087,124.061226,9.561072,62.5681
692.31305,57.306046,123.97987,9.551702,62.52347
692.5531,57.332,123.898415,9.542319,62.47879
692.8159,57.35995,123.80167,9.5326185,62.42731
693.10394,57.389824,123.68806,9.522554,62.36765
693.41034,57.42104,123.56056,9.5121765,62.30101
693.7305,57.4532,123.42158,9.501518,62.228664
694.06067,57.486053,123.273125,9.49061,62.151577
694.39777,57.51943,123.11686,9.479471,62.070614
694.7401,57.553177,122.954025,9.468124,61.98636
695.0862,57.587208,122.785706,9.456584,61.899364
695.4352,57.621452,122.612686,9.444868,61.810043
695.7858,57.655838,122.43567,9.432993,61.718697
696.1378,57.69034,122.25517,9.420972,61.62564
696.4907,57.72493,122.07167,9.408816,61.53106
696.84436,57.759563,121.88547,9.396539,61.43515
697.19836,57.794247,121.696976,9.384151,61.33806
697.55225,57.828968,121.50642,9.371665,61.239956
697.90656,57.863724,121.31402,9.359089,61.14095
698.261,57.898487,121.11997,9.346429,61.041103
698.6153,57.933258,120.92449,9.333692,60.940525
698.96954,57.96804,120.727684,9.320885,60.8393
699.32385,58.002842,120.529686,9.308018,60.73748
699.678,58.037632,120.330605,9.295096,60.63511
700.0321,58.072445,120.13057,9.282122,60.532276
700.3861,58.10724,119.92973,9.269101,60.429005
700.74,58.14204,119.72804,9.256037,60.325356
701.0939,58.176853,119.52568,9.242934,60.221344
701.44763,58.21166,119.32268,9.229799,60.117027
701.8013,58.24647,119.1191,9.216633,60.012398
702.15497,58.28128,118.915,9.203436,59.90751
702.50854,58.316093,118.71041,9.190214,59.802402
702.862,58.350906,118.50542,9.176969,59.697063
703.2154,58.38571,118.29998,9.1637,59.591526
703.5688,58.42052,118.094215,9.150411,59.48582
703.9221,58.455326,117.888145,9.137107,59.379936
704.27527,58.490128,117.68178,9.123787,59.27393
704.6286,58.52494,117.47514,9.110451,59.167778
704.9817,58.55973,117.268265,9.097103,59.0615
705.3348,58.594536,117.06117,9.083737,58.95514
705.68787,58.629345,116.85386,9.070365,58.848667
706.04083,58.664143,116.6464,9.056982,58.742092
706.394,58.698956,116.438774,9.043591,58.635445
706.7471,58.733753,116.23097,9.030192,58.52871
707.1,58.768555,116.02307,9.016787,58.42193
707.45294,58.80336,115.81502,9.003372,58.315086
707.80585,58.838173,115.60689,8.989953,58.208168
708.15906,58.87298,115.39863,8.976527,58.10121
708.512,58.907787,115.19028,8.9630995,57.994213
708.8649,58.94259,114.981865,8.949666,57.88718
709.21796,58.9774,114.773384,8.936226,57.780094
709.571,59.012207,114.5648,8.922782,57.672977
709.9237,59.047016,114.356155,8.909339,57.565826
710.2767,59.08181,114.14746,8.895889,57.458656
710.6295,59.116604,113.93875,8.882436,57.351456
710.98236,59.151413,113.729965,8.868982,57.24425
711.33527,59.18622,113.52115,8.855525,57.137005
711.688,59.221024,113.31228,8.842068,57.029747
712.04083,59.255825,113.103424,8.828607,56.922466
712.39374,59.290627,112.89449,8.815144,56.815178
712.7466,59.32544,112.68553,8.80168,56.70786
713.0995,59.360245,112.47655,8.788214,56.600533
713.4523,59.395042,112.267525,8.774745,56.493187
713.8052,59.429832,112.05849,8.761277,56.385838
714.1579,59.464645,111.84945,8.747808,56.27849
714.5107,59.49945,111.64037,8.734338,56.17113
714.8637,59.534252,111.43129,8.720865,56.063744
715.2164,59.569065,111.22219,8.707395,55.956364
715.5693,59.60387,111.01307,8.69392,55.848976
715.9222,59.63867,110.80394,8.6804495,55.74158
716.275,59.673466,110.59481,8.666977,55.634186
716.6279,59.70828,110.38571,8.653503,55.526794
716.98065,59.74308,110.17657,8.640028,55.419384
717.33344,59.77788,109.96739,8.626553,55.311966
717.6862,59.812683,109.75823,8.613076,55.20456
718.03894,59.84749,109.54905,8.599599,55.097145
718.3919,59.8823,109.339874,8.586123,54.989716
718.7446,59.9171,109.13069,8.572646,54.88229
719.0976,59.951912,108.921486,8.55917,54.774864
719.4504,59.986717,108.712296,8.545695,54.66743
719.8033,60.02152,108.50311,8.532217,54.56
720.15607,60.056324,108.293915,8.518739,54.452583
720.5088,60.091125,108.08471,8.505262,54.345154
720.8616,60.125935,107.87551,8.491782,54.237717
721.21436,60.16073,107.66629,8.478305,54.130272
721.5672,60.19553,107.45706,8.464827,54.02284
721.92,60.230343,107.24786,8.451348,53.915405
722.2728,60.26515,107.03865,8.437869,53.80795
722.6254,60.29995,106.82941,8.424391,53.700523
722.97833,60.33474,106.62019,8.410908,53.593063
723.33105,60.369553,106.41095,8.397431,53.485626
723.6841,60.404358,106.20175,8.383951,53.378166
724.0368,60.43916,105.99249,8.370472,53.270725
724.3895,60.473965,105.78327,8.356994,53.163284
724.74243,60.508766,105.574036,8.3435135,53.05584
725.09515,60.543568,105.36482,8.330034,52.9484
725.4481,60.578377,105.15558,8.316554,52.84095
725.8008,60.613174,104.94635,8.303077,52.733494
726.15356,60.647984,104.737114,8.289596,52.626045
726.50635,60.682785,104.52789,8.276118,52.518597
726.85925,60.71759,104.31865,8.262638,52.41115
727.2002,60.75109,104.109634,8.249505,52.303513
727.48773,60.778706,103.90373,8.237939,52.196293
727.7487,60.803684,103.70951,8.227134,52.095318
727.9919,60.827076,103.52839,8.216888,52.000927
728.22125,60.84931,103.359474,8.207135,51.91264
728.44006,60.87065,103.20163,8.197833,51.829872
728.65063,60.891273,103.053696,8.188948,51.752
728.8547,60.911327,102.91463,8.180449,51.678566
729.0533,60.93093,102.78351,8.172302,51.609093
729.2482,60.950165,102.65952,8.164481,51.54319
729.4398,60.9691,102.54196,8.156956,51.48047
729.6291,60.987804,102.43014,8.149707,51.42061
729.81635,61.006313,102.32348,8.142705,51.363354
730.0027,61.02468,102.22152,8.135931,51.30842
730.18774,61.04295,102.123726,8.129369,51.25559
730.3721,61.061108,102.02972,8.122993,51.20465
730.556,61.0792,101.93913,8.116793,51.155407
730.7395,61.097237,101.85161,8.110747,51.107708
730.92285,61.115234,101.76688,8.104848,51.061375
731.10626,61.13319,101.68461,8.099077,51.016315
731.2895,61.151127,101.60464,8.093426,50.972374
731.4727,61.16906,101.52669,8.08788,50.92946
731.65607,61.186954,101.45053,8.082433,50.88746
731.8395,61.204857,101.37608,8.077073,50.846283
732.0231,61.222744,101.3031,8.071796,50.80586
732.20667,61.24062,101.23152,8.066592,50.766136
732.3903,61.258503,101.16114,8.061454,50.727013
732.57434,61.27638,101.09189,8.056377,50.68844
732.75836,61.29425,101.02366,8.0513525,50.65039
732.9425,61.312115,100.956314,8.046375,50.61278
733.13257,61.33098,100.883995,8.041589,50.57311
733.3395,61.351475,100.803795,8.036959,50.529938
733.5662,61.373444,100.71785,8.032343,50.483963
733.80975,61.396698,100.62689,8.027711,50.435574
734.06757,61.42109,100.531456,8.023047,50.385017
734.3375,61.446423,100.43195,8.018343,50.332474
734.6179,61.472538,100.32878,8.013591,50.27811
734.907,61.49937,100.222244,8.008787,50.222137
735.2034,61.526787,100.112656,8.003928,50.164673
735.50635,61.554718,100.000275,7.9990144,50.105812
735.8147,61.58307,99.88529,7.994042,50.045715
736.1278,61.611782,99.76798,7.9890165,49.984447
736.4446,61.640842,99.64853,7.9839377,49.92216
736.7649,61.670174,99.527115,7.9788036,49.85889
737.0882,61.699734,99.403885,7.9736204,49.794704
737.4141,61.72952,99.279,7.968387,49.72973
737.7424,61.759487,99.15258,7.9631114,49.663998
738.0725,61.789627,99.024765,7.957789,49.59758
738.40436,61.81991,98.89569,7.9524293,49.530506
738.7377,61.8503,98.765396,7.9470253,49.46288
739.0722,61.880825,98.63403,7.9415865,49.39471
739.4081,61.91142,98.501656,7.936112,49.32604
739.7449,61.942104,98.368385,7.9306064,49.256912
740.08234,61.972874,98.23425,7.925068,49.18738
740.4209,62.003704,98.09932,7.919502,49.117455
740.7599,62.034595,97.96366,7.91391,49.04717
741.09973,62.06555,97.82737,7.908293,48.976547
741.44,62.096554,97.69045,7.902651,48.90564
741.7809,62.127598,97.552956,7.8969884,48.83444
742.1223,62.158695,97.41493,7.8913064,48.762985
742.46405,62.189816,97.27642,7.8856072,48.691277
742.806,62.220978,97.1375,7.879891,48.61936
743.1485,62.252167,96.99813,7.874155,48.54724
743.4913,62.283382,96.85839,7.868408,48.474945
743.8343,62.314625,96.718315,7.8626447,48.402466
744.1775,62.345882,96.57793,7.85687,48.329807
744.52106,62.377163,96.43722,7.851083,48.25703
744.8647,62.408466,96.29624,7.8452864,48.184116
745.2085,62.439785,96.15502,7.839479,48.11107
745.55255,62.47112,96.01354,7.833662,48.037914
745.89667,62.50246,95.87187,7.827834,47.96464
746.241,62.53381,95.73,7.822002,47.891277
746.5855,62.56518,95.58796,7.816162,47.817833
746.93005,62.59658,95.44576,7.810313,47.74429
747.27484,62.627964,95.30333,7.804459,47.670662
747.6197,62.659367,95.16081,7.7986,47.59698
747.9645,62.690792,95.01818,7.7927356,47.52322
748.2894,62.71896,94.86409,7.787443,47.444843
748.5943,62.744144,94.70092,7.782596,47.362843
748.8901,62.768356,94.53642,7.7777987,47.28041
749.1799,62.792046,94.3721,7.772983,47.198036
749.46466,62.81533,94.20815,7.7681375,47.115887
749.74554,62.83829,94.044655,7.7632666,47.033913
750.023,62.86102,93.88156,7.758374,46.952152
750.2977,62.88353,93.71878,7.7534676,46.870537
750.5702,62.905823,93.55629,7.748548,46.789066
750.84033,62.92799,93.39411,7.743617,46.707764
751.1091,62.95003,93.23219,7.738681,46.62656
751.37646,62.971947,93.07048,7.7337365,46.545467
751.6426,62.99379,92.90899,7.7287893,46.46445
751.90753,63.015545,92.74764,7.7238393,46.38355
752.1719,63.037247,92.5865,7.718885,46.302723
752.43555,63.058884,92.42547,7.7139335,46.221962
752.69867,63.080494,92.264595,7.7089806,46.14126
752.96124,63.102047,92.10384,7.7040296,46.06062
753.2234,63.123573,91.94321,7.699074,45.980045
753.48517,63.145054,91.78265,7.6941204,45.89951
753.7466,63.166534,91.622185,7.6891694,45.819035
754.0077,63.188,91.46182,7.6842194,45.738586
754.2935,63.207882,91.3011,7.6796327,45.65848
754.60364,63.22687,91.14376,7.675644,45.58067
754.9218,63.246525,90.99327,7.672135,45.506413
755.2462,63.2668,90.84949,7.6690135,45.435474
755.57513,63.287544,90.711845,7.6662145,45.367504
755.9068,63.308636,90.579605,7.663694,45.3022
756.24036,63.329967,90.45222,7.6614113,45.239246
756.5752,63.35147,90.329094,7.6593356,45.17842
756.91064,63.373077,90.20986,7.657436,45.119465
757.24603,63.39474,90.09403,7.6556892,45.062195
757.58044,63.416428,89.98128,7.654077,45.00642
757.9146,63.43809,89.87129,7.65258,44.951992
758.24786,63.459732,89.76373,7.6511846,44.89878
758.5801,63.481327,89.65839,7.6498737,44.84663
758.9112,63.50288,89.555,7.648642,44.795444
759.24146,63.524376,89.45338,7.6474786,44.745117
759.5706,63.545815,89.35335,7.6463723,44.69556
759.89874,63.5672,89.25469,7.645323,44.646698
760.2261,63.588512,89.15734,7.644318,44.598442
760.55237,63.60978,89.06114,7.6433535,44.55076
760.87744,63.63099,88.965935,7.6424274,44.5036
761.20197,63.65214,88.87168,7.641529,44.456867
761.5257,63.673244,88.77824,7.640661,44.41053
761.8489,63.69429,88.68549,7.6398177,44.36456
762.17114,63.71531,88.59345,7.6389985,44.318913
762.493,63.73629,88.50203,7.638201,44.27356
762.8143,63.75722,88.411125,7.6374187,44.228485
763.13477,63.778126,88.32071,7.6366515,44.18363
763.455,63.798985,88.23071,7.635898,44.13899
763.77484,63.819817,88.1411,7.635159,44.09454
764.0942,63.840633,88.05189,7.6344314,44.050255
764.4131,63.861412,87.962944,7.633714,44.006157
764.73193,63.882175,87.87433,7.6330075,43.962173
765.0501,63.902924,87.78591,7.6323075,43.91832
765.3682,63.923645,87.6978,7.6316147,43.87458
765.68585,63.944355,87.609856,7.6309295,43.830933
766.00354,63.965046,87.52209,7.6302476,43.787376
766.32104,63.985714,87.43447,7.6295714,43.743908
766.6382,64.00638,87.34704,7.628902,43.70051
766.95514,64.02703,87.25972,7.6282344,43.657177
767.27203,64.04768,87.17252,7.6275706,43.61392
767.5888,64.068306,87.08544,7.626913,43.570683
767.90546,64.08893,86.998436,7.626256,43.52751
768.2221,64.10954,86.91155,7.625603,43.48439
768.53845,64.13015,86.824745,7.624954,43.441296
768.85474,64.15075,86.73801,7.6243043,43.398266
769.17096,64.17133,86.65136,7.623658,43.355236
769.4872,64.19192,86.56475,7.623012,43.312256
769.803,64.21251,86.47821,7.622368,43.26929
-4.524976,4.456301,-12.552955,-1.0161347,-6.419101
21.811602,4.961188,-22.305828,-1.0983808,-8.88054
39.682247,6.3342237,-27.30339,-1.0976906,-11.902487
54.79594,8.002953,-31.605019,-1.167952,-13.697667
68.80452,9.7644615,-34.724983,-1.2603053,-14.76713
85.85991,11.478218,-36.51609,-1.29465,-15.270332
104.84145,13.17237,-37.133175,-1.3011883,-15.392716
124.534164,14.77708,-36.96847,-1.275524,-15.230257
140.88734,16.302551,-36.81382,-1.2600586,-15.268046
156.06905,17.605206,-36.764442,-1.2719916,-15.202715
169.89519,18.752947,-36.679405,-1.2848911,-15.14195
182.02391,19.729036,-36.221992,-1.2703725,-15.083149
192.54207,20.542356,-35.52283,-1.2428838,-14.956532
201.82333,21.239532,-34.79759,-1.2192812,-14.827456
209.24261,21.796776,-34.29732,-1.1991335,-14.763287
215.13536,22.254787,-34.00193,-1.1898087,-14.757968
219.80896,22.65025,-33.827095,-1.1846714,-14.8331
223.85167,23.001638,-33.79629,-1.1850235,-14.94206
227.5377,23.328176,-33.861633,-1.1892273,-15.078195
231.11974,23.64668,-34.083504,-1.2030884,-15.272072
234.68155,23.974272,-34.46604,-1.2254673,-15.528525
238.29189,24.317205,-34.990707,-1.2542627,-15.843346
241.99144,24.676823,-35.63934,-1.2881567,-16.210896
245.77585,25.052984,-36.397766,-1.3266312,-16.625729
249.70308,25.453215,-37.24168,-1.3669913,-17.137257
253.6325,25.872105,-38.228836,-1.4110495,-17.70019
257.59546,26.30419,-39.328182,-1.4594557,-18.311918
261.60477,26.749037,-40.526905,-1.5119622,-18.96653
265.6673,27.206312,-41.814377,-1.5681967,-19.659964
269.78537,27.675507,-43.181988,-1.6278079,-20.388815
273.95847,28.155964,-44.62242,-1.6904862,-21.150097
278.18445,28.646961,-46.12932,-1.7559596,-21.941122
282.40152,29.179722,-47.668533,-1.8199509,-22.765476
286.67044,29.750755,-49.240463,-1.8830266,-23.618847
291.0446,30.340185,-50.858433,-1.947643,-24.497025
295.50427,30.94393,-52.52239,-2.013965,-25.399454
300.01996,31.560596,-54.22809,-2.081873,-26.325401
304.27686,32.201313,-55.895214,-2.1495333,-27.291119
308.60022,32.84698,-57.56746,-2.2182796,-28.270206
313.33624,33.47809,-59.02313,-2.286238,-29.242422
318.36688,34.09529,-60.362804,-2.3477798,-30.155401
323.44263,34.69935,-61.601524,-2.404074,-31.02202
328.48206,35.28783,-62.76174,-2.4566078,-31.84712
333.72864,35.88955,-63.87436,-2.5007968,-32.576366
339.12897,36.491123,-64.88986,-2.5379775,-33.24207
344.51544,37.078606,-65.78493,-2.5746386,-33.86259
349.84607,37.650993,-66.58774,-2.6137927,-34.448387
355.1717,38.21503,-67.34973,-2.6529624,-35.010204
360.48972,38.77336,-68.08444,-2.6912858,-35.556374
365.81223,39.32835,-68.80139,-2.72821,-36.089245
371.12924,39.879875,-69.5014,-2.7638535,-36.611393
376.4303,40.427475,-70.18597,-2.798497,-37.124325
381.7109,40.97112,-70.857315,-2.8323367,-37.629135
386.96997,41.510998,-71.51734,-2.865513,-38.12687
392.2079,42.047424,-72.16769,-2.8981338,-38.61845
397.42587,42.580746,-72.809715,-2.9302835,-39.104717
402.38785,43.090458,-73.464325,-2.9601634,-39.590244
406.7316,43.545612,-74.14685,-2.9834843,-40.059135
410.6356,43.960186,-74.80159,-3.0048208,-40.503326
414.2596,44.34594,-75.424545,-3.0255218,-40.92306
417.70804,44.711926,-76.01962,-3.0458019,-41.322952
420.88013,45.05956,-76.586754,-3.0599287,-41.708954
423.49847,45.35948,-77.11825,-3.0683646,-42.053062
425.26794,45.586815,-77.605095,-3.070845,-42.33583
426.62595,45.765724,-78.01976,-3.0728056,-42.568607
427.7392,45.912537,-78.376854,-3.0741463,-42.76342
428.70367,46.039444,-78.685,-3.0746899,-42.92868
429.58044,46.15858,-78.94009,-3.0744503,-43.06801
430.4363,46.267735,-79.16596,-3.073501,-43.18771
431.27454,46.369785,-79.36888,-3.071598,-43.293644
432.103,46.46668,-79.55388,-3.0688877,-43.38875
432.927,46.55975,-79.7246,-3.0655136,-43.475334
433.7494,46.64997,-79.88402,-3.061597,-43.555183
434.57196,46.738026,-80.03442,-3.05724,-43.62972
435.39536,46.82445,-80.177666,-3.052526,-43.70001
436.2202,46.90961,-80.315186,-3.0475233,-43.766983
437.04642,46.993793,-80.44816,-3.042287,-43.831295
437.87393,47.077225,-80.5775,-3.0368638,-43.893475
438.7028,47.160057,-80.70394,-3.0312912,-43.95396
439.5325,47.24243,-80.828064,-3.0255976,-44.013103
440.36325,47.324432,-80.95034,-3.0198073,-44.071175
441.19464,47.406155,-81.07113,-3.0139382,-44.128384
442.02686,47.48764,-81.19075,-3.0080075,-44.184917
442.85956,47.568947,-81.30942,-3.0020263,-44.240913
443.69263,47.650112,-81.427345,-2.996006,-44.29645
444.52603,47.731163,-81.54466,-2.989953,-44.35167
445.35983,47.812126,-81.66149,-2.9838755,-44.406593
446.19376,47.89301,-81.777954,-2.9777765,-44.46129
447.02795,47.97383,-81.89409,-2.9716623,-44.51581
447.8622,48.054615,-82.009995,-2.9655328,-44.570183
448.69653,48.135357,-82.12568,-2.959394,-44.624447
449.5311,48.216064,-82.24124,-2.9532483,-44.678627
450.36566,48.29677,-82.35667,-2.947095,-44.732742
451.2003,48.377438,-82.47199,-2.9409363,-44.786793
452.035,48.458088,-82.58722,-2.9347725,-44.84078
452.86966,48.53874,-82.7024,-2.9286058,-44.89475
453.70444,48.61937,-82.817535,-2.9224367,-44.94868
454.53918,48.699993,-82.9326,-2.9162648,-45.00259
455.37402,48.780613,-83.04766,-2.9100919,-45.056477
456.2088,48.861225,-83.16269,-2.9039168,-45.110344
457.0436,48.941845,-83.27767,-2.8977408,-45.164215
457.87842,49.02245,-83.39268,-2.8915653,-45.21806
458.71332,49.103054,-83.50763,-2.8853881,-45.27192
459.54816,49.183655,-83.622604,-2.8792095,-45.325756
460.383,49.264263,-83.73754,-2.8730302,-45.37958
461.2179,49.344868,-83.8525,-2.866852,-45.43342
462.0528,49.425465,-83.96746,-2.8606734,-45.48725
462.8876,49.50607,-84.08239,-2.8544936,-45.541077
463.7225,49.586666,-84.19733,-2.8483145,-45.594887
464.55746,49.667267,-84.31227,-2.842135,-45.64872
465.39236,49.747868,-84.42719,-2.8359547,-45.702534
466.22723,49.828465,-84.542114,-2.8297741,-45.75635
467.0655,49.909245,-84.65604,-2.8232749,-45.808098
467.90973,49.989983,-84.76752,-2.81662,-45.85857
468.75787,50.0706,-84.87713,-2.8098562,-45.908085
469.6161,50.14871,-84.97361,-2.8023252,-45.95269
470.48206,50.22417,-85.05641,-2.794022,-45.990574
471.35345,50.297527,-85.1286,-2.7851617,-46.022533
472.22913,50.369186,-85.19221,-2.7758653,-46.049683
473.10797,50.439438,-85.24894,-2.766222,-46.072987
473.98926,50.508575,-85.30014,-2.7563002,-46.093193
474.87228,50.57679,-85.346924,-2.7461572,-46.110924
475.7568,50.644283,-85.390144,-2.735837,-46.126656
476.6425,50.711178,-85.43053,-2.7253742,-46.140778
477.52908,50.777584,-85.46863,-2.714797,-46.153633
478.41623,50.843616,-85.50489,-2.7041278,-46.16543
479.30392,50.90933,-85.53968,-2.6933846,-46.176414
480.1921,50.974804,-85.57328,-2.6825843,-46.186726
481.08075,51.040073,-85.605934,-2.671735,-46.19652
481.9696,51.105194,-85.637825,-2.6608477,-46.20587
482.85876,51.17018,-85.66912,-2.649931,-46.214886
483.74792,51.235058,-85.69992,-2.638989,-46.22363
484.63733,51.299862,-85.73033,-2.628028,-46.232147
485.52682,51.36459,-85.76042,-2.6170506,-46.240494
486.43158,51.428738,-85.79633,-2.6056225,-46.24679
487.3746,51.492153,-85.84196,-2.592994,-46.248592
488.34103,51.556324,-85.88162,-2.5795615,-46.248066
489.32718,51.62067,-85.91636,-2.5656734,-46.244728
490.32742,51.684914,-85.94688,-2.5514283,-46.238945
491.33774,51.748928,-85.97385,-2.5368936,-46.23109
492.35495,51.812702,-85.99779,-2.5221264,-46.221455
493.3777,51.876175,-86.01926,-2.5071747,-46.21031
494.4045,51.93938,-86.038635,-2.492067,-46.197906
495.43417,52.002327,-86.05623,-2.4768329,-46.184456
496.4663,52.06506,-86.07238,-2.461496,-46.17011
497.50027,52.127583,-86.087296,-2.446074,-46.155006
498.53574,52.18995,-86.101204,-2.4305797,-46.13928
499.5725,52.25217,-86.11425,-2.4150267,-46.12302
500.6102,52.314262,-86.12659,-2.3994246,-46.106346
501.6485,52.37626,-86.13833,-2.383782,-46.089314
502.68756,52.438168,-86.14958,-2.368107,-46.07196
503.7271,52.5,-86.16039,-2.3524036,-46.05436
504.76715,52.561775,-86.1709,-2.3366768,-46.03655
505.8076,52.623486,-86.1811,-2.3209312,-46.018555
506.84824,52.68517,-86.19108,-2.305168,-46.000423
507.8892,52.746807,-86.20084,-2.2893915,-45.982174
508.9302,52.80842,-86.21045,-2.2736046,-45.963833
509.97147,52.870003,-86.21995,-2.2578104,-45.945393
511.0129,52.93157,-86.22931,-2.2420063,-45.926884
512.05444,52.993134,-86.23857,-2.226196,-45.90832
513.0961,53.054665,-86.24776,-2.2103813,-45.889713
514.1379,53.116188,-86.25686,-2.1945617,-45.871056
515.1796,53.177692,-86.26595,-2.1787374,-45.852364
516.22144,53.239204,-86.27497,-2.1629105,-45.83364
517.26337,53.3007,-86.283936,-2.1470814,-45.8149
518.3053,53.36219,-86.29289,-2.1312501,-45.796127
519.34735,53.423676,-86.30181,-2.1154158,-45.777363
520.3894,53.485165,-86.31069,-2.0995815,-45.758575
521.43134,53.54665,-86.31959,-2.0837443,-45.739758
522.4735,53.60812,-86.32846,-2.0679076,-45.72096
523.51544,53.6696,-86.337296,-2.052069,-45.702133
524.55756,53.731068,-86.34614,-2.03623,-45.683304
525.59955,53.79253,-86.35496,-2.02039,-45.664482
526.6416,53.854004,-86.3638,-2.0045516,-45.645634
527.6838,53.91547,-86.37261,-1.9887109,-45.626804
528.7265,53.97696,-86.38122,-1.9728086,-45.607555
529.77124,54.038475,-86.389145,-1.9568086,-45.58763
530.81836,54.099922,-86.396255,-1.9407398,-45.567196
531.867,54.161316,-86.4026,-1.9246099,-45.546295
532.9172,54.222622,-86.40831,-1.9084293,-45.524963
533.96844,54.28386,-86.413414,-1.8922039,-45.5033
535.02057,54.345036,-86.418045,-1.8759409,-45.481308
536.0735,54.406147,-86.42222,-1.8596454,-45.45904
537.1271,54.46721,-86.42601,-1.843321,-45.436546
538.1812,54.52822,-86.429504,-1.8269721,-45.413834
539.23584,54.589184,-86.432686,-1.8106025,-45.39095
540.29083,54.65011,-86.43561,-1.794213,-45.3679
541.3461,54.711,-86.438324,-1.7778081,-45.344715
542.40173,54.771862,-86.44087,-1.7613906,-45.321404
543.45746,54.832706,-86.44323,-1.7449594,-45.29799
544.5137,54.89351,-86.44543,-1.7285191,-45.2745
545.5699,54.954315,-86.44753,-1.7120694,-45.25092
546.6236,55.01486,-86.448074,-1.6956506,-45.227627
547.6496,55.07294,-86.43458,-1.6796156,-45.20762
548.6524,55.12904,-86.42114,-1.6638615,-45.186783
549.6392,55.18394,-86.408,-1.6483059,-45.165913
550.5947,55.236813,-86.385574,-1.634461,-45.145992
551.5193,55.287937,-86.36808,-1.6213187,-45.127594
552.42084,55.33836,-86.3554,-1.6086054,-45.11145
553.3071,55.388657,-86.347084,-1.5962255,-45.097515
554.1833,55.439125,-86.34274,-1.5841119,-45.08563
555.0527,55.48993,-86.34183,-1.572209,-45.07557
555.9227,55.54117,-86.34334,-1.5603483,-45.067352
556.804,55.59305,-86.345535,-1.5482383,-45.060867
557.69214,55.645576,-86.34782,-1.5360117,-45.05476
558.58527,55.69849,-86.34992,-1.5237219,-45.048687
559.48193,55.751617,-86.35176,-1.5113869,-45.04254
560.3809,55.80487,-86.353325,-1.4990145,-45.036304
561.2817,55.858177,-86.354576,-1.4866146,-45.029938
562.18353,55.9115,-86.35556,-1.4741904,-45.023434
563.0862,55.96482,-86.356285,-1.4617472,-45.01681
563.9894,56.018127,-86.35676,-1.4492874,-45.01005
564.8928,56.071407,-86.357025,-1.4368162,-45.00319
565.7966,56.12466,-86.35714,-1.4243339,-44.996243
566.7005,56.177902,-86.357086,-1.4118435,-44.989212
567.6046,56.231106,-86.35691,-1.3993472,-44.982098
568.50867,56.284286,-86.35663,-1.3868428,-44.974937
569.4129,56.337456,-86.35621,-1.3743335,-44.967712
570.3172,56.390614,-86.35575,-1.3618209,-44.96044
571.2216,56.44376,-86.35522,-1.3493055,-44.95316
572.126,56.49689,-86.354645,-1.336787,-44.945824
573.03033,56.550007,-86.35399,-1.3242652,-44.938473
573.93475,56.60311,-86.353325,-1.3117421,-44.931084
574.8392,56.65622,-86.35261,-1.2992164,-44.923687
575.7435,56.709316,-86.35187,-1.2866906,-44.916267
576.6481,56.76241,-86.35112,-1.2741636,-44.90885
577.5523,56.81549,-86.35035,-1.2616354,-44.901405
578.4568,56.86858,-86.349556,-1.2491069,-44.893963
579.36127,56.921654,-86.348755,-1.2365767,-44.886517
580.2657,56.974735,-86.34793,-1.224047,-44.87906
581.1701,57.02782,-86.34711,-1.2115166,-44.871586
582.0746,57.080887,-86.346275,-1.1989865,-44.864117
582.97894,57.13396,-86.34543,-1.186454,-44.856644
583.88354,57.187027,-86.344574,-1.1739242,-44.849182
584.7879,57.2401,-86.34372,-1.1613907,-44.84171
585.69244,57.293167,-86.342865,-1.148859,-44.834213
586.5969,57.346237,-86.342,-1.136326,-44.82674
587.5014,57.399303,-86.341156,-1.1237946,-44.819252
588.40576,57.45237,-86.340294,-1.1112623,-44.811764
589.31024,57.50544,-86.33942,-1.0987304,-44.804287
590.21466,57.558502,-86.33857,-1.0861973,-44.79679
591.11914,57.611557,-86.337685,-1.0736653,-44.789295
592.0236,57.664623,-86.336784,-1.0611317,-44.78181
592.92804,57.71769,-86.33593,-1.0485991,-44.77431
593.8326,57.770763,-86.33507,-1.0360659,-44.766827
594.737,57.823826,-86.33419,-1.0235331,-44.759346
595.64136,57.876892,-86.33332,-1.0110003,-44.751846
596.5459,57.929955,-86.33244,-0.99846834,-44.744358
597.45044,57.983017,-86.331566,-0.9859354,-44.73687
598.35486,58.036083,-86.33073,-0.97340184,-44.72939
599.2593,58.089146,-86.32985,-0.96086997,-44.721897
600.1637,58.14222,-86.32893,-0.9483363,-44.7144
601.0682,58.195274,-86.328064,-0.9358045,-44.706898
601.9727,58.248344,-86.32722,-0.9232719,-44.699406
602.8772,58.301403,-86.32634,-0.9107382,-44.691933
603.7816,58.354473,-86.325455,-0.8982044,-44.684433
604.68616,58.40754,-86.32458,-0.88567173,-44.676937
605.59064,58.4606,-86.3237,-0.873138,-44.66944
606.495,58.513668,-86.32281,-0.86060494,-44.661957
607.39954,58.566723,-86.321945,-0.8480735,-44.65446
608.30225,58.61951,-86.32096,-0.835612,-44.646957
609.16113,58.665268,-86.31802,-0.82501125,-44.639523
609.96124,58.7075,-86.32004,-0.8152376,-44.63362
610.72266,58.748024,-86.32636,-0.80590206,-44.62874
611.46155,58.78768,-86.33572,-0.7968486,-44.624775
612.1871,58.826942,-86.34754,-0.7880123,-44.621758
612.9045,58.866116,-86.36143,-0.779331,-44.619656
613.6168,58.90536,-86.37704,-0.7707592,-44.618362
614.32635,58.944744,-86.39403,-0.7622701,-44.617764
615.0342,58.984306,-86.41218,-0.75383925,-44.617737
615.7411,59.024036,-86.431244,-0.7454515,-44.618217
616.4476,59.06394,-86.45105,-0.73709714,-44.6191
617.1541,59.103996,-86.471466,-0.7287674,-44.620304
617.86066,59.144184,-86.49237,-0.72045416,-44.62178
618.56726,59.18449,-86.513626,-0.71215636,-44.623493
619.27405,59.224895,-86.53524,-0.7038692,-44.625366
619.981,59.265377,-86.55707,-0.6955887,-44.627373
620.6882,59.30592,-86.57911,-0.6873157,-44.62951
621.39545,59.34652,-86.60128,-0.67904663,-44.63173
622.10284,59.387157,-86.62358,-0.67078227,-44.63401
622.81036,59.42783,-86.64598,-0.66251945,-44.63637
623.5179,59.468533,-86.66846,-0.6542588,-44.63877
624.22546,59.509266,-86.69103,-0.6460015,-44.64119
624.9333,59.549995,-86.7136,-0.63774455,-44.64366
625.64105,59.590755,-86.73622,-0.62948704,-44.646145
626.3488,59.631516,-86.75891,-0.6212324,-44.64865
627.0565,59.672295,-86.78158,-0.6129789,-44.651157
627.7645,59.71307,-86.80425,-0.6047248,-44.653687
628.4723,59.753857,-86.82698,-0.59647113,-44.656208
629.1803,59.794655,-86.84971,-0.5882184,-44.65875
629.88824,59.83545,-86.872444,-0.5799644,-44.661293
630.58215,59.87465,-86.89612,-0.571439,-44.6683
631.26105,59.91313,-86.921455,-0.5628986,-44.677265
631.93115,59.951405,-86.94834,-0.55446565,-44.686886
632.5967,59.989628,-86.97647,-0.5461283,-44.697025
633.2809,60.029434,-87.00746,-0.53790295,-44.708138
634.0138,60.073208,-87.043655,-0.52975243,-44.721413
634.7808,60.120457,-87.083405,-0.5215019,-44.73723
635.5756,60.170536,-87.126144,-0.51316994,-44.75512
636.3933,60.222916,-87.17133,-0.50477153,-44.774776
637.2292,60.27719,-87.21852,-0.49631962,-44.795834
638.0804,60.33299,-87.26738,-0.48782545,-44.81806
638.9438,60.390064,-87.31757,-0.47929603,-44.841244
639.8173,60.448154,-87.36892,-0.47073796,-44.865196
640.69904,60.5071,-87.42117,-0.46215853,-44.889797
641.5873,60.566727,-87.47413,-0.4535593,-44.914917
642.4811,60.626907,-87.52774,-0.44494742,-44.94046
643.37946,60.68755,-87.58187,-0.43632236,-44.96638
644.2812,60.74859,-87.63641,-0.42768684,-44.99258
645.1861,60.80993,-87.691284,-0.4190456,-45.019012
646.09344,60.871513,-87.74646,-0.4103969,-45.045647
647.00287,60.9333,-87.80184,-0.4017423,-45.07244
647.9138,60.99528,-87.857414,-0.39308393,-45.099358
648.826,61.05738,-87.913155,-0.38442335,-45.1264
649.7393,61.119606,-87.96904,-0.37575978,-45.15352
650.65356,61.181915,-88.02502,-0.36709273,-45.180702
651.56866,61.244293,-88.08103,-0.35842326,-45.207962
652.4842,61.306747,-88.13716,-0.34975386,-45.235268
653.4003,61.369232,-88.19333,-0.3410826,-45.262592
654.3167,61.43178,-88.24954,-0.33240968,-45.289948
655.2334,61.494347,-88.30582,-0.32373655,-45.317345
656.15045,61.556957,-88.3621,-0.31506267,-45.34477
657.05347,61.6198,-88.41752,-0.30678403,-45.37061
657.9093,61.682682,-88.47126,-0.29974455,-45.392117
658.73663,61.743557,-88.527504,-0.29322392,-45.413982
659.53796,61.803093,-88.5858,-0.28698105,-45.43643
660.32025,61.861645,-88.64567,-0.28094622,-45.459362
661.08813,61.91947,-88.70676,-0.275065,-45.482647
661.8454,61.976776,-88.76874,-0.26929817,-45.50624
662.59485,62.033688,-88.831436,-0.2636179,-45.530052
663.33856,62.09031,-88.894646,-0.25800148,-45.554043
664.0781,62.14673,-88.958305,-0.25243193,-45.57817
664.8142,62.203,-89.02226,-0.24689694,-45.602406
665.54816,62.259167,-89.086464,-0.2413905,-45.62672
666.28046,62.315258,-89.15083,-0.23590252,-45.651104
667.0114,62.371292,-89.21536,-0.23043002,-45.675526
667.7416,62.4273,-89.27997,-0.22496732,-45.70001
668.4711,62.483276,-89.34469,-0.21951349,-45.72452
669.20013,62.53924,-89.409485,-0.21406542,-45.749065
669.92883,62.59519,-89.47432,-0.2086215,-45.77363
670.65735,62.651123,-89.53917,-0.20318063,-45.798203
671.3856,62.70707,-89.604065,-0.19774172,-45.8228
672.128,62.76361,-89.67141,-0.19240032,-45.848156
672.88135,62.8212,-89.74073,-0.18706807,-45.87458
673.644,62.879814,-89.81159,-0.18172415,-45.90199
674.4152,62.939327,-89.8838,-0.17637017,-45.930256
675.1942,62.999645,-89.95716,-0.17100467,-45.959267
675.9807,63.0607,-90.03157,-0.16562523,-45.98893
676.7734,63.12239,-90.10685,-0.16023187,-46.019176
677.572,63.18467,-90.18291,-0.15482701,-46.049908
678.3758,63.247463,-90.25964,-0.14940903,-46.08109
679.1844,63.310715,-90.33697,-0.14398044,-46.112675
679.996,63.375473,-90.41199,-0.13854821,-46.14405
680.81506,63.44151,-90.485176,-0.13312663,-46.175198
681.6432,63.508183,-90.55822,-0.12769113,-46.206406
682.47833,63.575424,-90.631386,-0.122221224,-46.237812
683.3194,63.643127,-90.704735,-0.116719805,-46.26941
684.16534,63.71123,-90.77828,-0.1111928,-46.301216
685.01544,63.77969,-90.85201,-0.10564471,-46.333214
685.86926,63.848457,-90.92594,-0.1000795,-46.36537
686.72626,63.917473,-91.0001,-0.094501734,-46.397675
687.58575,63.98673,-91.07442,-0.08891053,-46.43015
688.4477,64.05618,-91.148926,-0.08331121,-46.462734
689.31165,64.125824,-91.22358,-0.077703476,-46.49544
690.1774,64.195625,-91.298386,-0.07208903,-46.528267
691.0446,64.26556,-91.37334,-0.06646838,-46.561172
691.913,64.3356,-91.448395,-0.060843583,-46.59419
692.7829,64.40576,-91.523575,-0.055215158,-46.627277
693.65356,64.47602,-91.59888,-0.04958212,-46.660435
694.5253,64.54636,-91.67427,-0.043947026,-46.69365
695.39764,64.616776,-91.7497,-0.0383081,-46.72693
696.27075,64.68726,-91.82523,-0.032669235,-46.760258
697.14453,64.75778,-91.90084,-0.027027495,-46.79362
698.0188,64.82837,-91.97649,-0.021383638,-46.827038
698.8936,64.899,-92.05219,-0.015737677,-46.860474
699.7687,64.969666,-92.12795,-0.010090801,-46.893948
700.64435,65.040375,-92.20374,-0.0044439803,-46.92746
701.52014,65.111115,-92.2796,0.0012049825,-46.961006
702.39655,65.181885,-92.35545,0.0068533476,-46.994545
703.273,65.25268,-92.431366,0.012504109,-47.028122
704.14984,65.323494,-92.50729,0.018156543,-47.06172
705.02673,65.394325,-92.58324,0.02380813,-47.095325
705.9039,65.46517,-92.659225,0.02945836,-47.12896
706.78107,65.53605,-92.73521,0.03511238,-47.16258
707.65845,65.60691,-92.811195,0.040765543,-47.196236
708.5359,65.677795,-92.88723,0.04641783,-47.229874
709.4134,65.74868,-92.963234,0.052071713,-47.26353
710.29114,65.81959,-93.03925,0.057725403,-47.297195
711.16895,65.89051,-93.11532,0.063379794,-47.330868
712.04694,65.96143,-93.19137,0.069034405,-47.36456
712.9248,66.032364,-93.26744,0.07468929,-47.398235
713.8028,66.103294,-93.343506,0.08034443,-47.43192
714.6809,66.17423,-93.4196,0.08599794,-47.465622
715.5589,66.245186,-93.49568,0.09165288,-47.49932
716.437,66.31613,-93.571785,0.09730804,-47.533043
717.3152,66.38708,-93.64789,0.10296279,-47.56674
718.1936,66.45804,-93.72401,0.10861721,-47.60046
719.07184,66.529,-93.8001,0.11427416,-47.634174
719.9501,66.59997,-93.87623,0.11992825,-47.667877
720.8284,66.67094,-93.95233,0.12558477,-47.70159
721.7067,66.7419,-94.02843,0.131241,-47.735313
722.58514,66.81287,-94.10454,0.13689528,-47.769043
723.4634,66.88384,-94.180664,0.14255053,-47.80275
724.34186,66.95481,-94.25679,0.14820622,-47.836487
725.22034,67.02578,-94.33292,0.15386309,-47.8702
726.09863,67.096756,-94.409035,0.15951958,-47.903927
726.9772,67.16773,-94.485146,0.16517493,-47.93765
727.85565,67.23871,-94.56127,0.17083116,-47.97136
728.7341,67.309685,-94.63739,0.17648692,-48.005093
729.6123,67.38065,-94.71352,0.1821426,-48.038826
730.4908,67.45163,-94.78965,0.1877986,-48.072544
731.3691,67.522606,-94.86578,0.19345433,-48.106262
732.2477,67.59359,-94.94189,0.19911034,-48.13999
733.12604,67.664566,-95.01801,0.2047655,-48.173717
734.0045,67.73555,-95.094154,0.21042134,-48.207447
734.883,67.80651,-95.17029,0.21607715,-48.241184
735.7614,67.87749,-95.24644,0.2217335,-48.274925
736.6399,67.94848,-95.32255,0.22738858,-48.308643
737.51843,68.019455,-95.39868,0.23304512,-48.342377
738.3968,68.09045,-95.47482,0.23870212,-48.376102
739.2754,68.16141,-95.550934,0.24435684,-48.409824
740.15375,68.2324,-95.627075,0.2500125,-48.443558
741.0324,68.303375,-95.70321,0.25566873,-48.477276
741.9108,68.37437,-95.77931,0.26132593,-48.511
742.8017,68.444496,-95.84882,0.26705867,-48.54466
743.7008,68.51378,-95.91198,0.27290118,-48.576904
744.6008,68.58244,-95.9713,0.27884805,-48.607334
745.50037,68.65043,-96.02733,0.2848793,-48.636234
746.39795,68.71775,-96.080605,0.2909766,-48.663795
747.26294,68.783066,-96.13571,0.2969522,-48.69286
748.08307,68.84593,-96.19538,0.30261692,-48.7241
748.87085,68.90699,-96.258545,0.3079739,-48.756256
749.6048,68.961975,-96.318825,0.31423685,-48.7889
750.2969,69.012344,-96.372536,0.32066947,-48.81816
750.9524,69.05872,-96.41949,0.32710075,-48.843704
751.5751,69.101456,-96.46022,0.33350414,-48.865757
752.1673,69.14091,-96.49526,0.33987957,-48.884647
752.7316,69.17732,-96.52524,0.34622177,-48.900692
753.2706,69.211,-96.55063,0.35253182,-48.91413
753.7866,69.24217,-96.57183,0.35881308,-48.925236
754.28125,69.27107,-96.58929,0.3650675,-48.934223
754.75653,69.2979,-96.60335,0.37129435,-48.941265
755.2145,69.32284,-96.61431,0.3774946,-48.94657
755.6562,69.34608,-96.62245,0.38367411,-48.9503
756.0834,69.36776,-96.62813,0.38983098,-48.952576
756.49756,69.38803,-96.63147,0.39597085,-48.95355
756.89966,69.40703,-96.63269,0.40209204,-48.953346
757.29083,69.42486,-96.63208,0.4081949,-48.95207
757.67224,69.44163,-96.62976,0.4142848,-48.949814
758.0444,69.45744,-96.62587,0.42036095,-48.94669
758.40857,69.4724,-96.620544,0.4264239,-48.942753
758.7652,69.486565,-96.61398,0.43247473,-48.938118
759.1152,69.5,-96.606285,0.43851638,-48.93281
759.45905,69.512794,-96.59753,0.44454828,-48.92691
759.7973,69.52501,-96.58782,0.4505721,-48.920456
760.13055,69.53667,-96.57726,0.4565868,-48.913517
760.4593,69.54786,-96.56589,0.46259555,-48.906143
760.784,69.5586,-96.55385,0.46859756,-48.898354
761.1048,69.568954,-96.5411,0.4745955,-48.89021
761.4221,69.57894,-96.52781,0.48058587,-48.88171
761.7365,69.588585,-96.51398,0.4865724,-48.87291
762.048,69.59794,-96.49966,0.49255517,-48.86386
762.3569,69.607025,-96.48494,0.49853253,-48.854553
762.6634,69.615875,-96.46979,0.5045066,-48.845013
762.968,69.62448,-96.4543,0.5104774,-48.835274
763.2705,69.63289,-96.43845,0.51644504,-48.82534
763.57135,69.64112,-96.42233,0.5224101,-48.81525
763.87067,69.64919,-96.40596,0.5283722,-48.805
764.1685,69.6571,-96.389336,0.5343318,-48.794613
764.46515,69.66487,-96.372475,0.54029083,-48.78412
764.76044,69.672516,-96.355446,0.5462473,-48.773468
765.0549,69.680046,-96.33818,0.552204,-48.762733
765.34845,69.68748,-96.32077,0.55815774,-48.751904
765.64075,69.69483,-96.3032,0.56411105,-48.740993
765.9325,69.70209,-96.285515,0.570062,-48.730003
766.2233,69.70918,-96.26754,0.57599515,-48.71894
766.5044,69.71336,-96.24404,0.58140343,-48.707664
766.7621,69.71565,-96.21931,0.58661944,-48.695267
767.00006,69.71623,-96.19349,0.59171045,-48.681953
767.22095,69.715355,-96.16654,0.5967114,-48.66779
767.4271,69.713165,-96.13842,0.60164165,-48.65282
767.621,69.70984,-96.1092,0.6065138,-48.637104
767.80396,69.705505,-96.07891,0.6113395,-48.620686
767.9773,69.700264,-96.04758,0.61612993,-48.60362
768.1426,69.69422,-96.01526,0.6208889,-48.585953
768.30035,69.68746,-95.98203,0.6256227,-48.567722
768.45154,69.68006,-95.94796,0.6303365,-48.548965
768.59686,69.67206,-95.91306,0.63503176,-48.529755
768.73694,69.66353,-95.87746,0.6397127,-48.510082
768.87225,69.65452,-95.8411,0.6443793,-48.490032
769.00336,69.64508,-95.80418,0.6490341,-48.46961
769.1305,69.63523,-95.76665,0.6536788,-48.448845
769.25433,69.62502,-95.72858,0.65831596,-48.427773
769.3749,69.61449,-95.69003,0.66294545,-48.40642
769.4925,69.60365,-95.651024,0.6675669,-48.38482
769.6075,69.59255,-95.6116,0.6721824,-48.362953
769.72034,69.5812,-95.5718,0.6767927,-48.340904
769.83075,69.56962,-95.53167,0.68139637,-48.318645
769.9392,69.55781,-95.491196,0.68599653,-48.29622
770.046,69.545845,-95.45046,0.6905937,-48.273613
770.1512,69.53368,-95.409454,0.69518644,-48.250854
